hs2_code,hs2_description
01,Live Animals
02,Meat and Edible Meat Offal
03,Fish and Crustaceans
04,"Dairy Produce; Birds Eggs; Honey"
05,Products of Animal Origin NES
06,Live Trees and Other Plants
07,Edible Vegetables and Roots
08,Edible Fruit and Nuts
09,"Coffee, Tea, Mate and Spices"
10,Cereals
11,Products of the Milling Industry
12,Oil Seeds and Oleaginous Fruits
13,Lac; Gums; Resins and Vegetable Extracts
14,Vegetable Plaiting Materials
15,Animal or Vegetable Fats and Oils
16,Preparations of Meat or Fish
17,Sugars and Sugar Confectionery
18,Cocoa and Cocoa Preparations
19,Preparations of Cereals and Flour
20,Preparations of Vegetables and Fruit
21,Miscellaneous Edible Preparations
22,"Beverages, Spirits and Vinegar"
23,Food Industry Residues and Waste
24,Tobacco and Manufactured Substitutes
25,"Salt; Sulphur; Earths; Stone; Plaster"
26,Ores Slag and Ash
27,Mineral Fuels and Oils
28,Inorganic Chemicals
29,Organic Chemicals
30,Pharmaceutical Products
31,Fertilisers
32,Tanning and Dyeing Extracts
33,Essential Oils and Cosmetics
34,Soap Waxes and Polishing Preparations
35,Albuminoidal Substances and Modified Starches
36,Explosives and Pyrotechnic Products
37,Photographic and Cinematographic Goods
38,Miscellaneous Chemical Products
39,Plastics and Articles Thereof
40,Rubber and Articles Thereof
41,Raw Hides Skins and Leather
42,Articles of Leather and Travel Goods
43,Furskins and Artificial Fur
44,Wood and Articles of Wood
45,Cork and Articles of Cork
46,Manufactures of Straw and Plaiting Materials
47,Pulp of Wood and Fibrous Cellulosic Material
48,Paper and Paperboard
49,Printed Books and Newspapers
50,Silk
51,Wool and Fine or Coarse Animal Hair
52,Cotton
53,Other Vegetable Textile Fibres
54,Man-made Filaments
55,Man-made Staple Fibres
56,Wadding Felt and Nonwovens
57,Carpets and Other Textile Floor Coverings
58,Special Woven Fabrics
59,Impregnated Textile Fabrics
60,Knitted or Crocheted Fabrics
61,Apparel and Clothing Accessories (Knitted)
62,Apparel and Clothing Accessories (Not Knitted)
63,Other Made-up Textile Articles
64,Footwear
65,Headgear
66,Umbrellas and Walking Sticks
67,Prepared Feathers and Artificial Flowers
68,Articles of Stone Plaster and Cement
69,Ceramic Products
70,Glass and Glassware
71,"Precious Stones, Metals and Jewellery"
72,Iron and Steel
73,Articles of Iron or Steel
74,Copper and Articles Thereof
75,Nickel and Articles Thereof
76,Aluminium and Articles Thereof
78,Lead and Articles Thereof
79,Zinc and Articles Thereof
80,Tin and Articles Thereof
81,Other Base Metals and Articles Thereof
82,"Tools, Cutlery and Spoons of Base Metal"
83,Miscellaneous Articles of Base Metal
84,"Nuclear Reactors, Boilers and Machinery"
85,Electrical Machinery and Equipment
86,Railway and Tramway Equipment
87,Vehicles (Excl. Railway and Tramway)
88,Aircraft and Spacecraft
89,Ships and Boats
90,"Optical, Photographic and Medical Instruments"
91,Clocks and Watches
92,Musical Instruments
93,Arms and Ammunition
94,Furniture and Bedding
95,"Toys, Games and Sports Equipment"
96,Miscellaneous Manufactured Articles
97,Works of Art and Antiques
99,Commodities NES
